ID,Ten_De,Lop,Dang,So_Cau,Thoi_Gian,File_Goc,Trang_Thai,Mat_Khau
de_01,Đề 07 — Thi thử THPTQG,12,thptqg,22,90,12_THPTQG_07.html,Hien,cachep123
de_02,De 02 - Hoc ky II,12,hk,24,90,12_HKII_02.html,Hien,
de_03,Đề 02 — Học kỳ II,11,hk,30,90,11_HKII_02.html,Hien,
de_05,Đề 03 — Học kỳ II,11,hk,24,90,11_HKII_03.html,Hien,12
de_06,Đề 04 — Học kỳ II,11,hk,24,90,11_HKII_04.html,Hien,12
de_07,Đề 05 — Học kỳ II,11,hk,24,90,11_HKII_05.html,Hien,12
de_08,De 01 - Hoc ky II,12,hk,24,90,12_HKII_01.html,Hien,
de_09,De 03 - Hoc ky II,12,hk,24,90,12_HKII_03.html,Hien,
de_10,De 04 - Hoc ky II,12,hk,24,90,12_HKII_04.html,Hien,
de_11,De 05 - Hoc ky II,12,hk,24,90,12_HKII_05.html,Hien,
de_12,De 06 - Hoc ky II,12,hk,24,90,12_HKII_06.html,Hien,
de_13,De 07 - Hoc ky II,12,hk,24,90,12_HKII_07.html,Hien,
de_14,De 08 - Hoc ky II,12,hk,24,90,12_HKII_08.html,Hien,
de_15,De 09 - Hoc ky II,12,hk,24,90,12_HKII_09.html,Hien,
de_16,De 10 - Hoc ky II,12,hk,24,90,12_HKII_10.html,Hien,
de_17,De 02 - Cuoi ky II,12,hk,24,90,12_CKII_02.html,An,
